Business_Name,Instagram_Link,Website,Email
Veronika Gjata,"https://www.instagram.com/perio.colmex/
",http://www.kissdent.com/,info@kissdent.info
Middletown Pediatric Dental,"https://www.instagram.com/perio.colmex/
",http://www.middletownpediatricdental.com/,admin@middletownpediatricdental.com
Napa Valley Orthodontics,"https://www.instagram.com/perio.colmex/
",http://www.napabraces.com/,hello@napabraces.com
"Dr Hansen Liang, DDS","https://www.instagram.com/perio.colmex/
",https://app.smilevirtual.com/Dr-Hansen-Liang/sign-up,hello@smilevirtual.com
Dental Health Spa,"https://www.instagram.com/perio.colmex/
",https://dentalhealthspa.com/,admin@dentalhealthspa.co.uk.
B&K • smileharmonisation,"https://www.instagram.com/perio.colmex/
",http://www.benkoknehtl.si/,info@benkoknehtl.si
AR | ORTHODONTICS,"https://www.instagram.com/perio.colmex/
",http://dra-adriana-rojas-ramirez96.webnode.do//,4773390534@dra.adrianarojasr
دندانپزشکی دکتر روشن طلب,"https://www.instagram.com/perio.colmex/
",http://www.dr-roshantalab.com/,info@dr-roshantalab.com
Refine Dentistry,"https://www.instagram.com/perio.colmex/
",http://www.refinedentistry.com/,contact@refinedentistry.com
O'DENT Clinica Dental,"https://www.instagram.com/perio.colmex/
",http://www.odentclinicadental.com/,wixofday@wix.com
El Dentalista,"https://www.instagram.com/perio.colmex/
",http://www.eldentalista.com/,pacientesMorethedentalist.odontologia@gmail.com9435378
Dr. Hansen Liang,"https://www.instagram.com/perio.colmex/
",https://app.smilevirtual.com/Dr-Hansen-Liang/sign-up,hello@smilevirtual.com
Valencia Dental Center,"https://www.instagram.com/perio.colmex/
",http://www.valenciadentalcenter.com/,643-6424Emailhello@valenciadentalcenter.com
